<?xml version="1.0" encoding="UTF-8"?>
<!DOCTYPE hibernate-configuration PUBLIC
  "-//Hibernate/Hibernate Configuration DTD 3.0//EN"
  "http://hibernate.sourceforge.net/hibernate-configuration-3.0.dtd">
<hibernate-configuration>
  <session-factory>
  
    <!-- Dialecto de MySQL -->
    <property name="hibernate.dialect">org.hibernate.dialect.MySQLDialect</property>
    <!-- Conexión a la base de datos -->
    <property name="hibernate.connection.driver_class">com.mysql.cj.jdbc.Driver</property>
    <property name="hibernate.connection.url">jdbc:mysql://127.0.0.1:3306/pav_hibernate?serverTimezone=UTC</property>
    <property name="hibernate.connection.username">root</property>
    <property name="hibernate.connection.password">MyStrongPassw0rd</property>

    <!-- Configuración de Hibernate -->
    <property name="hibernate.hbm2ddl.auto">update</property>
    <property name="hibernate.show_sql">true</property>
    <property name="hibernate.format_sql">true</property>

    <!-- Mapeos -->
    <mapping resource="clase1/Marca.hbm.xml"/>

  </session-factory>
</hibernate-configuration>
