<?xml version="1.0" encoding="UTF-8"?>
<!DOCTYPE hibernate-mapping PUBLIC "-//Hibernate/Hibernate Mapping DTD 3.0//EN" "http://www.hibernate.org/dtd/hibernate-mapping-3.0.dtd">
<hibernate-mapping default-lazy="false" package="clase1">
  <class name="Marca" table="marca">
    <id name="id" type="java.lang.Integer">
      <column name="id"/>
      <generator class="identity"/>
    </id>
    <property name="codigo" type="string" unique="false">
      <column length="10" name="codigo"/>
    </property>
    <property name="descripcion">
      <column length="50" name="descripcion"/>
    </property>
  </class>
</hibernate-mapping>
